{
    "class": "NeuroProbabilisticModel",
    "init": {
        "input_shape": [
            16
        ],
        "hidden_layers": [
            32,
            32
        ]
    },
    "fit": {
        "validation_data": [
            "        num_lanes  curvature  speed_limit  road_signs_present  public_road  \\\n115180   0.333333       0.66     0.444444                   0            0   \n254507   0.333333       0.63     0.222222                   0            1   \n122102   0.333333       0.52     1.000000                   1            1   \n400566   0.666667       0.23     0.000000                   1            0   \n497371   0.333333       0.73     0.777778                   0            1   \n...           ...        ...          ...                 ...          ...   \n464300   0.666667       0.37     0.444444                   0            1   \n180057   0.333333       0.12     0.777778                   1            1   \n271181   1.000000       0.16     0.222222                   0            0   \n428630   1.000000       0.19     1.000000                   0            1   \n133146   0.333333       0.76     0.777778                   0            1   \n\n        holiday  school_season  num_reported_accidents  road_type_rural  \\\n115180        1              1                2.022287                1   \n254507        1              0               -0.209678                1   \n122102        1              0               -1.325660                0   \n400566        0              1               -1.325660                1   \n497371        1              0                2.022287                0   \n...         ...            ...                     ...              ...   \n464300        0              1               -1.325660                0   \n180057        0              1                0.906304                0   \n271181        0              0                0.906304                0   \n428630        0              1               -0.209678                0   \n133146        1              0                0.906304                1   \n\n        road_type_urban  lighting_dim  lighting_night  weather_foggy  \\\n115180                0             0               1              0   \n254507                0             0               1              0   \n122102                1             1               0              1   \n400566                0             0               0              1   \n497371                0             0               1              0   \n...                 ...           ...             ...            ...   \n464300                1             0               0              0   \n180057                0             0               1              0   \n271181                0             1               0              1   \n428630                0             1               0              1   \n133146                0             0               0              0   \n\n        weather_rainy  time_of_day_evening  time_of_day_morning  \n115180              0                    1                    0  \n254507              0                    0                    1  \n122102              0                    0                    1  \n400566              0                    0                    1  \n497371              1                    0                    1  \n...               ...                  ...                  ...  \n464300              0                    0                    1  \n180057              1                    0                    0  \n271181              0                    1                    0  \n428630              0                    0                    0  \n133146              1                    0                    1  \n\n[51776 rows x 16 columns]",
            "115180    0.40\n254507    0.43\n122102    0.55\n400566    0.14\n497371    0.71\n          ... \n464300    0.11\n180057    0.42\n271181    0.06\n428630    0.27\n133146    0.57\nName: accident_risk, Length: 51776, dtype: float64"
        ],
        "epochs": 50,
        "verbose": "auto",
        "batch_size": 2048
    }
}